<configuration>
    <!-- File appender per salvare i log in un file -->
    <appender name="FILE" class="ch.qos.logback.core.FileAppender">
        <file>logs/app.log</file>
        <append>true</append>
        <encoder>
            <pattern>%d{yyyy-MM-dd HH:mm:ss} %-5level %logger{36} - %msg%n</pattern>
        </encoder>
    </appender>

    <!-- Console appender per la console -->
    <appender name="CONSOLE" class="ch.qos.logback.core.ConsoleAppender">
        <encoder>
            <pattern>%d{yyyy-MM-dd HH:mm:ss} %-5level %logger{36} - %msg%n</pattern>
        </encoder>
    </appender>
    
    <logger name="com.example.Balzaro_RSA_W" level="warn" />
    <logger name="com.example.Balzaro_RSA_E" level="error" />
    <!-- Configurazione di root per usare entrambi gli appender -->
    <root level="warn">
        <appender-ref ref="CONSOLE" />
        <appender-ref ref="FILE" />
    </root>
</configuration>
